{"name":"tipoPostre","identifier":"ZYDPZQSRDI","description":null,"slotTypeValues":[{"sampleValue":{"value":"Pastel chocolate"},"synonyms":null},{"sampleValue":{"value":"Fresas con crema"},"synonyms":null},{"sampleValue":{"value":"Gelatina"},"synonyms":null},{"sampleValue":{"value":"Flan"},"synonyms":null},{"sampleValue":{"value":"Arroz con leche"},"synonyms":null},{"sampleValue":{"value":"Ninguno"},"synonyms":[{"value":"ninguno"},{"value":"nada"}]}],"parentSlotTypeSignature":null,"valueSelectionSetting":{"regexFilter":null,"resolutionStrategy":"TOP_RESOLUTION"}}