{"name":"GeneralMenuList","identifier":"BODPSZUORL","description":null,"parentIntentSignature":null,"sampleUtterances":[{"utterance":"Que tienes para comer"},{"utterance":"Que opciones tienes"},{"utterance":"menú"},{"utterance":"¿Cuál es el menú?"},{"utterance":"quiero ver el menú"},{"utterance":"¿Que puedo pedir?"}],"intentConfirmationSetting":null,"intentClosingSetting":{"isActive":true,"closingResponse":{"allowInterrupt":true,"messageGroupsList":[{"message":{"imageResponseCard":null,"ssmlMessage":null,"customPayload":null,"plainTextMessage":{"value":"Este es nuestro menú"}},"variations":null},{"message":{"imageResponseCard":{"title":"¿Qué comida quiere elegir? (Ejemplo: \"Alambre vegetarianos\")","buttonsList":null,"subtitle":null,"imageUrl":"https://taqueria-chatbot.s3.amazonaws.com/menuTacos2.png"},"ssmlMessage":null,"customPayload":null,"plainTextMessage":null},"variations":null}]},"nextStep":{"dialogAction":{"type":"EndConversation","slotToElicit":null,"suppressNextMessage":null},"intent":{"name":null,"slots":null},"sessionAttributes":null}},"initialResponseSetting":{"initialResponse":null,"codeHook":{"isActive":true,"enableCodeHookInvocation":true,"invocationLabel":null,"postCodeHookSpecification":{"successConditional":null,"successNextStep":{"dialogAction":{"type":"CloseIntent","slotToElicit":null,"suppressNextMessage":null},"intent":{"name":null,"slots":null},"sessionAttributes":null},"successResponse":null,"timeoutResponse":null,"timeoutNextStep":{"dialogAction":{"type":"EndConversation","slotToElicit":null,"suppressNextMessage":null},"intent":{"name":null,"slots":null},"sessionAttributes":null},"timeoutConditional":null,"failureResponse":null,"failureNextStep":{"dialogAction":{"type":"EndConversation","slotToElicit":null,"suppressNextMessage":null},"intent":{"name":null,"slots":null},"sessionAttributes":null},"failureConditional":null}},"conditional":null,"nextStep":{"dialogAction":{"type":"InvokeDialogCodeHook","slotToElicit":null,"suppressNextMessage":null},"intent":{"name":null,"slots":null},"sessionAttributes":null}},"inputContexts":null,"outputContexts":null,"kendraConfiguration":null,"dialogCodeHook":null,"fulfillmentCodeHook":null,"slotPriorities":[]}