{"name":"tipoBebida","identifier":"ZDIQRJOI2H","description":null,"slotTypeValues":[{"sampleValue":{"value":"Refrescos"},"synonyms":[{"value":"refresco"},{"value":"refrescos"}]},{"sampleValue":{"value":"Agua natural"},"synonyms":[{"value":"natural"}]},{"sampleValue":{"value":"Agua de jamaica"},"synonyms":[{"value":"jamaica"}]},{"sampleValue":{"value":"Agua de horchata"},"synonyms":[{"value":"horchata"}]},{"sampleValue":{"value":"Cerveza botella"},"synonyms":[{"value":"Cerveza Botella"}]},{"sampleValue":{"value":"Cerveza barril"},"synonyms":[{"value":"barril"}]},{"sampleValue":{"value":"Cerveza litro "},"synonyms":null},{"sampleValue":{"value":"Michelada 1L"},"synonyms":[{"value":"michelada"}]},{"sampleValue":{"value":"Michelato 1L"},"synonyms":[{"value":"michelato"}]},{"sampleValue":{"value":"Ninguno"},"synonyms":[{"value":"nada"},{"value":"ninguno"},{"value":"ninguna"},{"value":"Ninguna"}]}],"parentSlotTypeSignature":null,"valueSelectionSetting":{"regexFilter":null,"resolutionStrategy":"TOP_RESOLUTION"}}