{"name":"comidaTipo","identifier":"3YG55I3LV4","description":null,"slotTypeValues":[{"sampleValue":{"value":"Alambre vegetariano"},"synonyms":[{"value":"{AmountComida} alambres vegetarianos"},{"value":"{AmountComida} Alambres vegetarianos"}]},{"sampleValue":{"value":"Costra pastor"},"synonyms":null},{"sampleValue":{"value":"Volcan pastor"},"synonyms":null},{"sampleValue":{"value":"Torta pastor"},"synonyms":null},{"sampleValue":{"value":"Alambre pechuga "},"synonyms":null},{"sampleValue":{"value":"Alambre bistec"},"synonyms":null},{"sampleValue":{"value":"Alambre chuleta"},"synonyms":null},{"sampleValue":{"value":"Alambre costilla"},"synonyms":null},{"sampleValue":{"value":"Alambre arrachera"},"synonyms":null},{"sampleValue":{"value":"Costra pechuga"},"synonyms":null},{"sampleValue":{"value":"Costra bistec"},"synonyms":null},{"sampleValue":{"value":"Volcan pechuga"},"synonyms":null},{"sampleValue":{"value":"Volcan bistec"},"synonyms":null},{"sampleValue":{"value":"Torta maciza"},"synonyms":null},{"sampleValue":{"value":"Torta suadero"},"synonyms":null},{"sampleValue":{"value":"Torta longaniza"},"synonyms":null},{"sampleValue":{"value":"Torta pechuga"},"synonyms":null},{"sampleValue":{"value":"Torta bistec "},"synonyms":null},{"sampleValue":{"value":"Torta chuleta"},"synonyms":null},{"sampleValue":{"value":"Ninguna"},"synonyms":null}],"parentSlotTypeSignature":null,"valueSelectionSetting":{"regexFilter":null,"resolutionStrategy":"TOP_RESOLUTION"}}