{"name":"Greeting","identifier":"GPN3P0FPWC","description":null,"parentIntentSignature":null,"sampleUtterances":[{"utterance":"Hola"},{"utterance":"Hi"},{"utterance":"Hey"},{"utterance":"Buenas días"},{"utterance":"Buenas tardes"},{"utterance":"Buenas noches"},{"utterance":"Buenas"}],"intentConfirmationSetting":null,"intentClosingSetting":{"isActive":true,"closingResponse":{"allowInterrupt":true,"messageGroupsList":[{"message":{"imageResponseCard":null,"ssmlMessage":null,"customPayload":null,"plainTextMessage":{"value":"Bienvenido a Tacos Los primos, en que te puedo ayudar?"}},"variations":null}]},"nextStep":{"dialogAction":{"type":"EndConversation","slotToElicit":null,"suppressNextMessage":null},"intent":{"name":null,"slots":null},"sessionAttributes":null}},"initialResponseSetting":{"initialResponse":null,"codeHook":{"isActive":true,"enableCodeHookInvocation":true,"invocationLabel":null,"postCodeHookSpecification":{"successConditional":null,"successNextStep":{"dialogAction":{"type":"CloseIntent","slotToElicit":null,"suppressNextMessage":null},"intent":{"name":null,"slots":null},"sessionAttributes":null},"successResponse":null,"timeoutResponse":null,"timeoutNextStep":{"dialogAction":{"type":"EndConversation","slotToElicit":null,"suppressNextMessage":null},"intent":{"name":null,"slots":null},"sessionAttributes":null},"timeoutConditional":null,"failureResponse":null,"failureNextStep":{"dialogAction":{"type":"EndConversation","slotToElicit":null,"suppressNextMessage":null},"intent":{"name":null,"slots":null},"sessionAttributes":null},"failureConditional":null}},"conditional":null,"nextStep":{"dialogAction":{"type":"InvokeDialogCodeHook","slotToElicit":null,"suppressNextMessage":null},"intent":{"name":null,"slots":null},"sessionAttributes":null}},"inputContexts":null,"outputContexts":null,"kendraConfiguration":null,"dialogCodeHook":null,"fulfillmentCodeHook":null,"slotPriorities":[]}