{"name":"Bebida","identifier":"WHXPTXBQ0E","description":null,"slotTypeName":"tipoBebida","obfuscationSetting":null,"valueElicitationSetting":{"slotCaptureSetting":{"codeHook":null,"captureResponse":null,"captureNextStep":{"dialogAction":{"type":"ElicitSlot","slotToElicit":"Postre","suppressNextMessage":null},"sessionAttributes":null,"intent":{"name":null,"slots":null}},"captureConditional":null,"failureResponse":null,"failureNextStep":{"dialogAction":{"type":"StartIntent","slotToElicit":null,"suppressNextMessage":null},"sessionAttributes":null,"intent":{"name":"FallbackIntent","slots":null}},"failureConditional":null,"elicitationCodeHook":{"invocationLabel":null,"enableCodeHookInvocation":true}},"promptSpecification":{"messageGroupsList":[{"message":{"ssmlMessage":null,"customPayload":null,"plainTextMessage":{"value":"¿Qué bebida desea pedir? (Ejemplo: \"Cerveza Botella\" ó \"Michelada 1L\" ó \"Ninguna\")"},"imageResponseCard":null},"variations":null}],"maxRetries":4,"allowInterrupt":true,"messageSelectionStrategy":"Random","promptAttemptsSpecification":{"Retry2":{"audioAndDTMFInputSpecification":{"dtmfSpecification":{"maxLength":513,"deletionCharacter":"*","endCharacter":"#","endTimeoutMs":5000},"startTimeoutMs":4000,"audioSpecification":{"maxLengthMs":15000,"endTimeoutMs":640}},"allowedInputTypes":{"allowAudioInput":true,"allowDTMFInput":true},"allowInterrupt":true,"textInputSpecification":{"startTimeoutMs":30000}},"Retry1":{"audioAndDTMFInputSpecification":{"dtmfSpecification":{"maxLength":513,"deletionCharacter":"*","endCharacter":"#","endTimeoutMs":5000},"startTimeoutMs":4000,"audioSpecification":{"maxLengthMs":15000,"endTimeoutMs":640}},"allowedInputTypes":{"allowAudioInput":true,"allowDTMFInput":true},"allowInterrupt":true,"textInputSpecification":{"startTimeoutMs":30000}},"Retry4":{"audioAndDTMFInputSpecification":{"dtmfSpecification":{"maxLength":513,"deletionCharacter":"*","endCharacter":"#","endTimeoutMs":5000},"startTimeoutMs":4000,"audioSpecification":{"maxLengthMs":15000,"endTimeoutMs":640}},"allowedInputTypes":{"allowAudioInput":true,"allowDTMFInput":true},"allowInterrupt":true,"textInputSpecification":{"startTimeoutMs":30000}},"Retry3":{"audioAndDTMFInputSpecification":{"dtmfSpecification":{"maxLength":513,"deletionCharacter":"*","endCharacter":"#","endTimeoutMs":5000},"startTimeoutMs":4000,"audioSpecification":{"maxLengthMs":15000,"endTimeoutMs":640}},"allowedInputTypes":{"allowAudioInput":true,"allowDTMFInput":true},"allowInterrupt":true,"textInputSpecification":{"startTimeoutMs":30000}},"Initial":{"audioAndDTMFInputSpecification":{"dtmfSpecification":{"maxLength":513,"deletionCharacter":"*","endCharacter":"#","endTimeoutMs":5000},"startTimeoutMs":4000,"audioSpecification":{"maxLengthMs":15000,"endTimeoutMs":640}},"allowedInputTypes":{"allowAudioInput":true,"allowDTMFInput":true},"allowInterrupt":true,"textInputSpecification":{"startTimeoutMs":30000}}}},"slotConstraint":"Required","defaultValueSpecification":null,"sampleUtterances":null,"waitAndContinueSpecification":null},"multipleValuesSetting":null}