{"name":"registrarPedido","identifier":"EJFBVHDZEV","description":null,"parentIntentSignature":null,"sampleUtterances":[{"utterance":"Quiero hacer un pedido"},{"utterance":"Pedido"},{"utterance":"Me gustaría hacer un pedido"},{"utterance":"{tipoComida}"}],"intentConfirmationSetting":null,"intentClosingSetting":{"isActive":true,"closingResponse":null,"nextStep":{"dialogAction":{"type":"EndConversation","slotToElicit":null,"suppressNextMessage":null},"intent":{"name":null,"slots":null},"sessionAttributes":null}},"initialResponseSetting":{"initialResponse":null,"codeHook":{"isActive":true,"enableCodeHookInvocation":true,"invocationLabel":null,"postCodeHookSpecification":{"successConditional":null,"successNextStep":{"dialogAction":{"type":"ElicitSlot","slotToElicit":"tipoComida","suppressNextMessage":null},"intent":{"name":null,"slots":null},"sessionAttributes":null},"successResponse":null,"timeoutResponse":null,"timeoutNextStep":{"dialogAction":{"type":"EndConversation","slotToElicit":null,"suppressNextMessage":null},"intent":{"name":null,"slots":null},"sessionAttributes":null},"timeoutConditional":null,"failureResponse":null,"failureNextStep":{"dialogAction":{"type":"EndConversation","slotToElicit":null,"suppressNextMessage":null},"intent":{"name":null,"slots":null},"sessionAttributes":null},"failureConditional":null}},"conditional":null,"nextStep":{"dialogAction":{"type":"InvokeDialogCodeHook","slotToElicit":null,"suppressNextMessage":null},"intent":{"name":null,"slots":null},"sessionAttributes":null}},"inputContexts":null,"outputContexts":null,"kendraConfiguration":null,"dialogCodeHook":{"enabled":false},"fulfillmentCodeHook":{"isActive":true,"fulfillmentUpdatesSpecification":null,"postFulfillmentStatusSpecification":{"successNextStep":{"dialogAction":{"type":"CloseIntent","slotToElicit":null,"suppressNextMessage":null},"intent":{"name":null,"slots":null},"sessionAttributes":null},"successResponse":null,"timeoutResponse":null,"timeoutNextStep":{"dialogAction":{"type":"CloseIntent","slotToElicit":null,"suppressNextMessage":null},"intent":{"name":null,"slots":null},"sessionAttributes":null},"failureResponse":null,"failureNextStep":{"dialogAction":{"type":"CloseIntent","slotToElicit":null,"suppressNextMessage":null},"intent":{"name":null,"slots":null},"sessionAttributes":null}},"enabled":true},"slotPriorities":[{"priority":1,"slotName":"tipoComida"},{"priority":3,"slotName":"Postre"},{"priority":2,"slotName":"Bebida"}]}